<?xml version="1.0" encoding="UTF-8" ?>
<!DOCTYPE mapper
        PUBLIC "-//mybatis.org//DTD Mapper 3.0//EN"
        "http://mybatis.org/dtd/mybatis-3-mapper.dtd">
<mapper namespace="com.itheima.mapper.StudentMapper">
    <select id="list" resultType="com.itheima.pojo.Student">
   select * from student
<where>
    <if test="collegeId!=null">
        college_id=#{collegeId}
    </if>
<if test="state!=null">
and state=#{state}

</if>
<if test="grade!=null">
    and grade=#{grade}
</if>
<if test="studentclass!=null">
    and studentclass=#{studentclass}
</if>
<if test="major!=null">
    and major=#{major}
</if>

and create_user=#{userid}
</where>


    </select>
    
</mapper>